cdr3_nucseq	id
tgcaccagcagccaaga	TRBV1*01
tgcgccagcagtgagtc	TRBV10-1*01
tgcgccagcagtgagtc	TRBV10-1*02
tgcgccagcagtgagtc	TRBV10-2*01
	TRBV10-2*02
tgtgccatcagtgagtc	TRBV10-3*01
tgtgccatcagtgagtc	TRBV10-3*02
tgt	TRBV10-3*03
tgt	TRBV10-3*04
tgtgccagcagcttagc	TRBV11-1*01
tgtgccagcagcttaga	TRBV11-2*01
tgtgccagcagt	TRBV11-2*02
tgtgccagcagc	TRBV11-2*03
tgtgccagcagcttaga	TRBV11-3*01
tgtgccagcagc	TRBV11-3*02
tgtgccagcagc	TRBV11-3*03
tgtgccagcagctttgc	TRBV12-1*01
tgtgcaagtcgcttagc	TRBV12-2*01
tgtgccagcagtttagc	TRBV12-3*01
tgtgccagcagtttagc	TRBV12-4*01
tgtgccagcagttta	TRBV12-4*02
tgtgctagtggtttggt	TRBV12-5*01
tgtgccagcagcttagg	TRBV13*01
tgtgccagcagc	TRBV13*02
tgtgccagcagccaaga	TRBV14*01
tgtgccagcagc	TRBV14*02
tgtgccaccagcagaga	TRBV15*01
tgtgccaccagc	TRBV15*02
tgtgccaccagc	TRBV15*03
tgtgccagcagccaatc	TRBV16*01
tgtgccagcagccaatc	TRBV16*02
tgtgccagcagc	TRBV16*03
tacagtagcggtgg	TRBV17*01
tgtgccagctcaccacc	TRBV18*01
tgtgccagtagtataga	TRBV19*01
tgtgccagtagtataga	TRBV19*02
tgtgccagtag	TRBV19*03
tgtgccagcagtgaagc	TRBV2*01
tgtgccagcagt	TRBV2*02
tgtgccagcagtgaa	TRBV2*03
tgcagtgctagaga	TRBV20-1*01
tgcagtgct	TRBV20-1*02
tgcagtgct	TRBV20-1*03
tgcagtgctagt	TRBV20-1*04
tgcagtgctaga	TRBV20-1*05
tgcagtgct	TRBV20-1*06
tgcagtgctaga	TRBV20-1*07
tgcagtgctagaga	TRBV20/OR9-2*01
tgcagtgct	TRBV20/OR9-2*02
tgcagtgctagaga	TRBV20/OR9-2*03
tgtgccagcagcaaagc	TRBV21-1*01
tgtgccaacagcaaagc	TRBV21/OR9-2*01
tgcgccagcagtcaatc	TRBV23-1*01
tgt	TRBV23/OR9-2*01
	TRBV23/OR9-2*02
tgtgccaccagtgatttg	TRBV24-1*01
tgtgccaccagtgatttg	TRBV24/OR9-2*01
tgtgccagcagtgaata	TRBV25-1*01
tatgccagcagttcatc	TRBV26*01
tgcgccagcagttcatc	TRBV26/OR9-2*01
tgcgccagcagttcatc	TRBV26/OR9-2*02
tgtgccagcagtttatc	TRBV27*01
tgtgccagcagtttatg	TRBV28*01
tgcagcgttgaaga	TRBV29-1*01
tgcagcgttgaa	TRBV29-1*02
tgcagcgcgggc	TRBV29-1*03
tgcagcgttgaaga	TRBV29/OR9-2*01
tgcagcgttgaaga	TRBV29/OR9-2*02
tgtgccagcagccaaga	TRBV3-1*01
tgtgccagc	TRBV3-1*02
tgtgccagcagccaaga	TRBV3-2*01
tgtgccagcagccaaga	TRBV3-2*02
tgtgccagcagccaag	TRBV3-2*03
tgtgcctggagtgt	TRBV30*01
tgtgcctggagtgt	TRBV30*02
tgtgcctggagt	TRBV30*04
tgtgcctgggga	TRBV30*05
tgcgccagcagccaaga	TRBV4-1*01
tgcgccagcagccaag	TRBV4-1*02
tgtgccagcagccaaga	TRBV4-2*01
tgtgccagcacc	TRBV4-2*02
tgcgccagcagccaaga	TRBV4-3*01
tgcgccagcagc	TRBV4-3*02
tgcgccagcagc	TRBV4-3*03
tgcgccagcagc	TRBV4-3*04
tgcgccagcagcttgg	TRBV5-1*01
tgcgccagc	TRBV5-1*02
tgtgccagaagcttgg	TRBV5-3*01
tgtgccagaagcttgg	TRBV5-3*02
tgtgccagcagcttgg	TRBV5-4*01
tgtgccagcagc	TRBV5-4*02
tgtgccagcagc	TRBV5-4*03
tgtgccagcagc	TRBV5-4*04
tgtgccagcagcttgg	TRBV5-5*01
tgtgccagcagc	TRBV5-5*02
tgtgccagcagc	TRBV5-5*03
tgtgccagcagcttgg	TRBV5-6*01
tgtgccagcagcttgg	TRBV5-7*01
tgtgccagcagcttgg	TRBV5-8*01
tgtgccagcagc	TRBV5-8*02
tgtgccagcagtgaagc	TRBV6-1*01
tgtgccagcagttactc	TRBV6-2*01
tgtgccagcagttactc	TRBV6-3*01
tgtgccagcagtgactc	TRBV6-4*01
tgtgccagcagtgactc	TRBV6-4*02
tgtgccagcagttactc	TRBV6-5*01
tgtgccagcagttactc	TRBV6-6*01
tgtgccagcagttactc	TRBV6-6*02
tgtgccagcagt	TRBV6-6*03
tgtgccagcagtcga	TRBV6-6*04
tgtgccagcagc	TRBV6-6*05
tgtgccagcagttactc	TRBV6-7*01
tgtgccagcagttactc	TRBV6-8*01
tgtgccagcagttattc	TRBV6-9*01
tgtgccagcagctcagc	TRBV7-1*01
tgtgccagcagcttagc	TRBV7-2*01
tgtgccagcagcttagc	TRBV7-2*02
tgtaccagcagcttagc	TRBV7-2*03
tgtgccagcagcttag	TRBV7-2*04
tgtgccagcagcttaac	TRBV7-3*01
cgtgccagcagcttaac	TRBV7-3*02
cgtgccagcagcttaac	TRBV7-3*03
tgtgccagcagctt	TRBV7-3*04
tgtgccagcagc	TRBV7-3*05
tgtgccagcagcttagc	TRBV7-4*01
tgtgccagcagcttagc	TRBV7-6*01
tgtgccagcagc	TRBV7-6*02
tgtgccagcagcttagc	TRBV7-7*01
tgtgccagcagc	TRBV7-7*02
tgtgccagcagcttagc	TRBV7-8*01
tgtgccagcagcttagc	TRBV7-8*02
tgtgccagcagccga	TRBV7-8*03
tgtgccagcagcttagc	TRBV7-9*01
tgtgccagcagcttagc	TRBV7-9*02
tgtgccagcagcttagc	TRBV7-9*03
tgtgccagcagc	TRBV7-9*04
tgtgccagcaccaaa	TRBV7-9*05
tgtgccagcacgttg	TRBV7-9*06
tgtgccagcagcag	TRBV7-9*07
tgtgccagcagcgtag	TRBV9*01
tgtgccagcagcgtag	TRBV9*02
tgtgccagcagc	TRBV9*03
tgaacactgaagctttcttt	TRBJ1-1*01
ctaactatggctacaccttc	TRBJ1-2*01
ctctggaaacaccatatatttt	TRBJ1-3*01
caactaatgaaaaactgtttttt	TRBJ1-4*01
tagcaatcagccccagcatttt	TRBJ1-5*01
ctcctataattcacccctccacttt	TRBJ1-6*01
ctcctataattcacccctccacttt	TRBJ1-6*02
ctcctacaatgagcagttcttc	TRBJ2-1*01
cgaacaccggggagctgtttttt	TRBJ2-2*01
ctgagaggcgctgctggg	TRBJ2-2P*01
agcacagatacgcagtatttt	TRBJ2-3*01
agccaaaaacattcagtacttc	TRBJ2-4*01
accaagagacccagtacttc	TRBJ2-5*01
ctctggggccaacgtcctgactttc	TRBJ2-6*01
ctcctacgagcagtacttc	TRBJ2-7*01
ctcctacgagcagtacgtc	TRBJ2-7*02
